"","baseMean","log2FoldChange","lfcSE","pvalue","padj"
"(AGAGAG)n",1.23608239344381,-7.54074885513913e-06,0.00144270179094736,3.53383512071983e-06,0.0028341357668173
"(CATTC)n",11.7874881015692,-4.30365352227651e-06,0.00144268353072998,9.51772876912591e-05,0.0407841153234977
"(CTAT)n",6.53092544151427,-2.10587974006529e-05,0.00144275002134688,2.39451589972855e-07,0.00030177741810579
"(CTC)n",132.446963721875,0.674085288515867,0.158981179218306,1.02620828445249e-06,0.00113165118567998
"(GAAA)n",5.87325648039136,0.753982572120332,0.226679587945932,3.8011316052482e-05,0.0186889702577356
"(GGAAT)n",15.6770949201702,3.74460310364787e-07,0.00144267402578004,4.97936694762745e-09,1.27629373109107e-05
"(GGT)n",14.3385995799429,-2.16990609579035e-05,0.00144275612072965,4.62752782357983e-08,6.80400840993688e-05
"(TGGAA)n",14.1710483833806,-2.07180203329202e-06,0.00144267750201072,6.14790373068789e-05,0.0285456877432256
"CR1-13_AMi",5.38002713086736,-9.69273024727232e-06,0.00144270422869708,4.06499000253626e-06,0.00298844515019791
"GSAT",3.21265710502054,-6.82065070921972e-06,0.00144269569013003,5.78686797139455e-09,1.27629373109107e-05
"HERV9-int",433.864495971278,1.15766866484272,0.22727098775927,1.77381281960859e-08,3.1297153389174e-05
"HERVK11D-int",192.792792028083,-1.10719963763449e-05,0.0014427073174487,2.71221700997457e-05,0.0170908417585683
"HERVL18-int",181.162363299914,0.802137233131139,0.241486364740231,3.75099993997678e-05,0.0186889702577356
"LTR12",573.33542599426,1.17321660057554,0.1884233603124,2.63203919135146e-11,1.16099248730513e-07
"LTR1B1",43.0019826149195,1.20885962617495e-05,0.00144268452935175,1.11915620553075e-05,0.00759476618860944
"LTR77",85.7363123294441,0.983652970770364,0.242612012735314,2.37235790686913e-06,0.00209289414543995
"MER50C",24.8357054435405,0.645032572080737,0.195579163851356,3.81321088913218e-05,0.0186889702577356
"MER9a1",152.489204210276,1.38210300092677,0.191879059247256,1.34924949552824e-21,1.19030790495501e-17
"MSTA1",118.804988929931,0.656715657887319,0.157387169334276,1.30324755296005e-06,0.00127747221246818
"SVA_D",5998.63777212418,0.497086535328903,0.154109329069084,3.778979179143e-05,0.0186889702577356
"SVA_F",1908.12032021727,0.697383896941287,0.229513110594793,9.70830221937715e-05,0.0407841153234977
