"","baseMean","log2FoldChange","lfcSE","pvalue","padj"
"(TGTGTG)n",4.48675758295214,-0.623308015269167,0.215855389991102,0.000168958822399649,0.029953985513995
"BLACKJACK",84.8097801499311,-0.284668702114083,0.0985228190597014,0.000144693889711812,0.0299275195220597
"Charlie24",81.7027910313465,-0.220695751246788,0.0722258700128514,8.07427153929851e-05,0.0282948730441474
"LSU-rRNA_Hsa",88799.6896237081,0.585264835339108,0.207713539258866,0.000114000294295517,0.0282948730441474
"LTR12",175.049001142273,-1.36613860875412,0.189919660184256,3.20610249101349e-07,0.000259134518182359
"LTR1B0",11.5420959280167,0.000558322507728693,0.0125652919171205,0.000263190283934157,0.040827392795286
"LTR22B",11.6849477657289,-0.651369111303156,0.145684423128089,4.17622108271328e-07,0.000259134518182359
"LTR8A",337.674407346825,-0.0104520593146446,0.0201190834235758,9.97115887652854e-05,0.0282948730441474
