"","baseMean","log2FoldChange","lfcSE","pvalue","padj"
"(CCTT)n",10.326199367054,0.982558093413561,0.223512265416158,7.40599060902708e-07,0.00312014384358311
"MER65-int",375.35435781498,-0.00278589261421432,0.0202338870475876,1.81427262850284e-05,0.0382176529194123
