"","baseMean","log2FoldChange","lfcSE","pvalue","padj"
"(CATTC)n",10.8642056333852,-1.33486352091919e-05,0.00144269275651348,0.000303653702944948,0.0346115755246624
"(TTGCAT)n",1.93202602339143,0.823300804624977,0.195670984697643,8.81855743883428e-07,0.00149827290885794
"Charlie10a",4.20920126532755,-0.476884137037961,0.141923488531194,2.71843154588522e-05,0.0115465379911475
"HERVK14C-int",33.2614974934892,0.455247889780151,0.119083722611843,5.18177311695702e-06,0.00440191626285498
"HERVL66-int",29.3505102752413,0.30399572594152,0.113476871460144,0.000243737052825241,0.0318545579038527
"LTR108e_Mam",2.01864082037352,-0.547913834248579,0.19960704885945,0.000242997095587783,0.0318545579038527
"LTR14C",7.60841390981813,1.50747404305668,0.157578706053216,9.58735827866551e-05,0.0210401163658653
"LTR49-int",214.689652282265,-0.143114604540641,0.0548081580481679,0.000305576005220681,0.0346115755246624
"LTR78B",113.679885917865,-0.167337462234609,0.0554616899883229,8.37472842845588e-05,0.0210401163658653
"MamGypLTR2b",27.9829344218295,-0.261663460508162,0.0946787992865845,0.000163297897853181,0.0252221025865958
"MER8",67.8179883668484,-0.127091130233036,0.0503952797333106,0.00032835362154877,0.03486705018821
"MER91B",41.513683277016,-0.17239720695806,0.0500928237196092,2.03741022255338e-05,0.0115385332270606
"MLT1B-int",46.6143972685601,0.192648796980441,0.0657689235521835,0.000111454412767974,0.0210401163658653
"Plat_L3",166.833409180429,0.168922997140734,0.0689253114021793,0.000409449487864337,0.0409208635224417
"tRNA-Lys-AAG",1.34905166662184,-1.60521310035754e-05,0.00144269644494804,0.000161193538177989,0.0252221025865958
"U13",18.0663185760638,0.24828395277162,0.0830802071016573,8.80788224109796e-05,0.0210401163658653
"UCON35",1.54446042531692,-0.501819684666155,0.167081674869386,0.000102056286885209,0.0210401163658653
