"","baseMean","log2FoldChange","lfcSE","pvalue","padj"
"HERV3-int",269.59577257206,0.531835811854216,0.143379195964339,8.14117513477499e-06,0.00626463426620935
"HERVK22-int",153.336635564497,-0.623352362093121,0.120318044911979,2.45231589947421e-05,0.0125803805643027
"LTR10B2",7.15139914622424,-0.492938237379669,0.16550848478819,5.77456916683389e-05,0.0222176548693934
"PABL_B",47.4124257653179,0.386802901078187,0.0873339609988812,4.05415119016008e-07,0.000623933868165637
