"","baseMean","log2FoldChange","lfcSE","pvalue","padj"
"Harlequin-int",805.77403661122,-0.700727822298217,0.209560759337833,2.55348378723121e-05,0.00480054951999467
"HERVK11-int",243.300558477907,-0.653604346364737,0.190149460618194,2.0310829166657e-05,0.00477304485416439
"HERVS71-int",180.923075927921,0.5981335141939,0.225306305679985,0.000234334946907774,0.0275343562616635
"LTR22B1",79.1973621452107,0.67932212511356,0.233553076173432,0.000114703183412161,0.0179701654012386
"LTR26E",36.3927810009764,-1.85200272888944,0.260698382213015,5.61097667916835e-14,5.27431807841825e-11
"MamGypLTR1a",11.447577695167,0.390055554909683,0.158926154761053,0.000449616082318671,0.0469599019310612
"MER31-int",75.1372076959788,-0.612530057511424,0.159820601243228,5.08115921936352e-06,0.00238814483310086
"MER45R",7.24538947287971,-0.585882633357604,0.15973001984749,1.09557493964796e-05,0.00343280147756361
"MER67A",46.6341409441341,-0.561225286543789,0.207287059438698,0.000220995500219882,0.0275343562616635
